オープンデベロッパーズカンファレンス2026 NetBSDブースと名古屋*BSDユーザーグループ2026/8月例会の記録,https://posfie.com//@ebijun/p/Mb7ktHu,79
オープンソースカンファレンス2026 Kyoto NetBSDブースと名古屋*BSDユーザーグループ2026/7月例会の記録,https://posfie.com//@ebijun/p/k4thRpd,426
オープンソースカンファレンス2026 Shimane NetBSDブースの記録,https://posfie.com//@ebijun/p/s0cekjK,336
日本NetBSDユーザーグループ第二十三回定期総会およびNetBSD BOF 2026 の記録,https://posfie.com//@ebijun/p/Q14leZa,326
オープンソースカンファレンス2026 Hokkaido NetBSDブースの記録,https://posfie.com//@ebijun/p/3QUhHvw,667
オープンソースカンファレンス2026 Sendai NetBSDブースと名古屋*BSDユーザーグループ2026/6月例会の記録,https://posfie.com//@ebijun/p/NqQAv0o,459
オープンソースカンファレンス2026 Nagoya NetBSDブースと名古屋*BSDユーザーグループ2026/4月と5月例会の記録,https://posfie.com//@ebijun/p/lpOl8KO,541
オープンソースカンファレンス2026 Kagawa NetBSDブースの記録 & 名古屋*BSDユーザグループ(NBUG)2026/3月例会の記録,https://posfie.com//@ebijun/p/TARTFTx,853
オープンソースカンファレンス2026 Tokyo/Spring NetBSDブースの記録 & 名古屋*BSDユーザグループ(NBUG)2026/2月例会の記録,https://posfie.com//@ebijun/p/QvR9Tx9,862
オープンソースカンファレンス2026 Osaka NetBSDブースの記録 & 名古屋*BSDユーザグループ(NBUG)2026/1月例会の記録,https://posfie.com//@ebijun/p/Vfaj1UC,585
オープンソースカンファレンス2025 Hiroshimaの記録 & 名古屋*BSDユーザグループ(NBUG)2025/12月例会の記録,https://posfie.com//@ebijun/p/WkwSt6x,480
オープンソースカンファレンス2025 Fukuoka-Yamaguchi-Okinawa NetBSDブースの記録,https://posfie.com//@ebijun/p/NgePtcK,482
関西オープンフォーラム2025 BSDなひととき & 名古屋*BSDユーザグループ(NBUG)2025/11月例会の記録,https://posfie.com//@ebijun/p/poMBvId,475
オープンソースカンファレンス2025 Tokyo/Fallの記録 & 名古屋*BSDユーザグループ(NBUG)2025/10月例会の記録,https://posfie.com//@ebijun/p/KsHuz6A,477
オープンソースカンファレンス2025 Niigataの記録 & 名古屋*BSDユーザグループ(NBUG)2025/9月例会の記録,https://posfie.com//@ebijun/p/9uZIwuH,469
オープンデベロッパーズカンファレンス2025 の記録 & 名古屋*BSDユーザグループ(NBUG)2025/8月例会の記録,https://posfie.com//@ebijun/p/tctRUi9,669
オープンソースカンファレンス2025 Kyoto NetBSDブースの記録 & 名古屋*BSDユーザグループ(NBUG)2025/7月例会の記録,https://posfie.com//@ebijun/p/LpFGcI4,818
オープンソースカンファレンス2025 Hokkaido NetBSDブースの記録,https://posfie.com//@ebijun/p/jobKi6a,635
日本NetBSDユーザーグループ第二十二回定期総会およびNetBSD BOF 2025 の記録,https://posfie.com//@ebijun/p/hseqd7j,478
オープンソースカンファレンス2025 Shimane NetBSDブースの記録 & 名古屋*BSDユーザグループ(NBUG)2025/6月例会の記録,https://posfie.com//@ebijun/p/plRcVrG,583
オープンソースカンファレンス2025 Shirahama&Nagoya NetBSDブースの記録 & 名古屋*BSDユーザグループ(NBUG)2025/5月例会の記録,https://posfie.com//@ebijun/p/mSFyoC4,814
名古屋*BSDユーザーグループ2025/4月例会の記録,https://posfie.com//@ebijun/p/Kp5byp4,361
AsiaBSDCon-Lite in Tokyoと 名古屋*BSDユーザーグループ2025/3月例会の記録,https://posfie.com//@ebijun/p/BxNgldk,472
オープンソースカンファレンス2025 Tokyo/Spring NetBSDブースの記録 & 名古屋*BSDユーザグループ(NBUG)2025/2月例会の記録,https://posfie.com//@ebijun/p/AeMxGBR,1206
オープンソースカンファレンス2025 Osaka NetBSDブースの記録 & 名古屋*BSDユーザグループ(NBUG)2025/1月例会の記録,https://posfie.com//@ebijun/p/EUD3bz3,1376
オープンソースカンファレンス2024 Fukuoka NetBSDブースの記録 & 名古屋*BSDユーザグループ(NBUG)2024/12月例会の記録,https://posfie.com//@ebijun/p/5vkKc1V,865
2024/10-11 NetBSDブースの記録 & 名古屋*BSDユーザグループ(NBUG)2024/11月例会の記録,https://posfie.com//@ebijun/p/OdRTPcq,2148
オープンソースカンファレンス2024 Nagaoka & Fall NetBSDブースの記録 & 名古屋*BSDユーザグループ(NBUG)2024/10月例会の記録,https://posfie.com//@ebijun/p/asBFcLt,1899
オープンソースカンファレンス2024 Hiroshima NetBSDブースの記録 & 名古屋*BSDユーザグループ(NBUG)2024/9月例会の記録,https://posfie.com//@ebijun/p/mk23csW,1741
オープンデベロッパーズカンファレンス2024 NetBSDのご紹介の記録 & 名古屋*BSDユーザグループ(NBUG)2024/8月例会の記録,https://posfie.com//@ebijun/p/vwUWA40,1048
オープンソースカンファレンス2024 Kyoto NetBSDブースの記録 & 名古屋*BSDユーザグループ(NBUG)2024/7月例会の記録,https://posfie.com//@ebijun/p/QvpvCT4,1401
オープンソースカンファレンス2024 Hokkaido の記録 & 名古屋*BSDユーザグループ(NBUG)2024/6月例会の記録,https://posfie.com//@ebijun/p/ew5jXWs,1519
オープンソースカンファレンス2024 Nagoya NBUGなひととき の記録,https://posfie.com//@ebijun/p/tz1YCc0,1630
名古屋*BSDユーザグループ(NBUG)2024/3月~4月例会 の記録,https://posfie.com//@ebijun/p/9j8xGYE,1104
AsiaBSDCon 2024の記録,https://posfie.com//@ebijun/p/uzRKNRF,1206
オープンソースカンファレンス2024 Spring の記録 & 名古屋*BSDユーザグループ(NBUG)2024/2月例会の記録,https://posfie.com//@ebijun/p/8IZs5jC,1562
オープンソースカンファレンス2024 Osaka の記録 & 名古屋*BSDユーザグループ(NBUG)2024/1月例会の記録,https://posfie.com//@ebijun/p/dRravpR,2111
オープンソースカンファレンス2023 Fukuoka の記録 & 名古屋*BSDユーザグループ(NBUG)2023/12月例会の記録,https://posfie.com//@ebijun/p/kgXrjAO,1060
オープンソースカンファレンス2023 Niigata の記録 & 名古屋*BSDユーザグループ(NBUG)2023/11月例会の記録,https://posfie.com//@ebijun/p/AwL08yX,816
関西オープンフォーラム2023 BSDなひととき& オープンソースカンファレンス2023 Hiroshima NetBSDのご紹介の記録,https://posfie.com//@ebijun/p/twrTHoR,1992
オープンソースカンファレンス2023 Shimane NetBSDブース展示の記録,https://posfie.com//@ebijun/p/wiJmA2u,1652
オープンソースカンファレンス2023 Tokyo/Fall の記録 & 名古屋*BSDユーザグループ(NBUG)2023/10月例会の記録,https://posfie.com//@ebijun/p/5M6HPBb,1449
オープンソースカンファレンス2023 Online/Fall BSDなひととき の記録 & 名古屋*BSDユーザグループ(NBUG)2023/9月例会の記録,https://posfie.com//@ebijun/p/NW5Jyu2,1414
オープンデベロッパーズカンファレンス 2023 NetBSDのご紹介 の記録 & 名古屋*BSDユーザグループ(NBUG)2023/8月例会の記録,https://posfie.com//@ebijun/p/HP7Aakk,1371
オープンソースカンファレンス2023 Kyoto NetBSDブースの記録 &オープンソースカンファレンス2023 Online/Kyoto NetBSDのご紹介 の記録,https://posfie.com//@ebijun/p/6p6Mod3,2227
オープンソースカンファレンス2023 Online/Hokkaido NetBSDのご紹介 の記録 & オープンソースカンファレンス2023 Hokkaido NetBSDブースの記録,https://posfie.com//@ebijun/p/H702dfz,2151
オープンソースカンファレンス2023 Online/Nagoya NBUGなひととき の記録 & オープンソースカンファレンス2023 Nagoya NBUGブースの記録,https://posfie.com//@ebijun/p/oDb9FHI,3069
名古屋*BSDユーザグループ(NBUG)2023/4月例会の記録,https://posfie.com//@ebijun/p/2SQuESJ,947
AsiaBSDCon2023 とオープンソースカンファレンス2023 Tokyo/Spring NetBSDブースの記録,https://posfie.com//@ebijun/p/qYi2Xoc,3048
オープンソースカンファレンス2023 Online/Spring NetBSDのご紹介 の記録 & 名古屋*BSDユーザグループ(NBUG)2023/3月例会の記録,https://posfie.com//@ebijun/p/hzvLvco,2485
名古屋*BSDユーザグループ(NBUG)2023/2月例会の記録,https://posfie.com//@ebijun/p/uDmmRe1,1372
オープンソースカンファレンス2023 Online/Osaka NetBSDのご紹介 の記録 & 名古屋*BSDユーザグループ(NBUG)2023/1月例会の記録,https://posfie.com//@ebijun/p/5jEWq7J,3484
名古屋*BSDユーザグループ(NBUG)2022/12月例会の記録,https://posfie.com//@ebijun/p/D1QLDEl,1937
オープンソースカンファレンス2022 Online/Fukuoka NetBSDのご紹介 の記録 & 名古屋*BSDユーザグループ(NBUG)2022/11月例会の記録,https://posfie.com//@ebijun/p/PBQahfa,1872
関西オープンフォーラム 2022 BSDなひととき の記録,https://posfie.com//@ebijun/p/1I8jI8l,2387
オープンソースカンファレンス2022 Online/Fall BSDなひととき の記録 & 名古屋*BSDユーザグループ(NBUG)2022/10月例会の記録,https://posfie.com//@ebijun/p/AAahzxC,2980
オープンソースカンファレンス2022 Online Hiroshima NetBSDのご紹介 の記録 & 名古屋*BSDユーザグループ(NBUG)2022/9月例会の記録,https://posfie.com//@ebijun/p/Iku2Wg0,1873
オープンデベロッパーズカンファレンス2022 Online NetBSDのご紹介 の記録 & 名古屋*BSDユーザグループ(NBUG)2022/8月例会の記録,https://posfie.com//@ebijun/p/OurcIPQ,2635
オープンソースカンファレンス2022 Online/Kyoto NetBSDのご紹介 の記録 & 名古屋*BSDユーザグループ(NBUG)2022/7月例会の記録,https://posfie.com//@ebijun/p/zj9benu,4087
オープンソースカンファレンス2022 Online/Hokkaido NetBSDのご紹介 の記録 & 名古屋*BSDユーザグループ(NBUG)2022/6月例会の記録,https://posfie.com//@ebijun/p/MqyFC0n,2709
オープンソースカンファレンス2022 Online/Nagoya 名古屋*BSDユーザグループ2022年5月例会の記録,https://posfie.com//@ebijun/p/z3JwOM6,2197
名古屋*BSDユーザグループ(NBUG)2022/4月例会の記録,https://posfie.com//@ebijun/p/NsTxOpu,1626
オープンソースカンファレンス2022 Online/Spring NetBSDのご紹介 の記録 & 名古屋*BSDユーザグループ(NBUG)2022/3月例会の記録,https://posfie.com//@ebijun/p/cjUiSYc,1895
名古屋*BSDユーザグループ(NBUG)2022/2月例会の記録,https://posfie.com//@ebijun/p/PAdzjXy,1080
オープンソースカンファレンス2022 Online/Osaka NetBSDのご紹介 の記録 & 名古屋*BSDユーザグループ(NBUG)2022/1月例会の記録,https://posfie.com//@ebijun/p/8NGvheL,2397
名古屋*BSDユーザグループ(NBUG)2021/12月例会の記録,https://posfie.com//@ebijun/p/zDEYMJ0,1112
オープンソースカンファレンス2021 Online/Fukuoka NetBSDのご紹介 の記録 & 名古屋*BSDユーザグループ(NBUG)2021/11月例会の記録,https://posfie.com//@ebijun/p/l9vqzX1,1779
関西オープンフォーラム 2021 BSDなひととき の記録,https://posfie.com//@ebijun/p/a0kVxQH,1074
オープンソースカンファレンス2021 Online/Fall BSDなひととき の記録 & 名古屋*BSDユーザグループ(NBUG)2021/10月例会の記録,https://posfie.com//@ebijun/p/yLVY8f5,1947
オープンソースカンファレンス2021 Online/Niigata NetBSDのご紹介 の記録,https://posfie.com//@ebijun/p/h9XO4tp,1625
オープンソースカンファレンス2021 Online/Hiroshima NetBSDのご紹介 の記録 & 名古屋*BSDユーザグループ(NBUG)2021/9月例会の記録,https://posfie.com//@ebijun/p/Ld1sjQA,1987
オープンデベロッパーズカンファレンス2021 Online NetBSDのご紹介&名古屋*BSDユーザグループ(NBUG)2021/8月例会の記録,https://posfie.com//@ebijun/p/I4EOaRF,2654
オープンソースカンファレンス2021 Online/Kyoto NetBSDのご紹介 の記録 & 名古屋*BSDユーザグループ(NBUG)2021/7月例会の記録,https://posfie.com//@ebijun/p/IQBA2QZ,2486
オープンソースカンファレンス2021 Online/Hokkaido NetBSDのご紹介 の記録 & 名古屋*BSDユーザグループ(NBUG)2021/6月例会の記録,https://posfie.com//@ebijun/p/ueK5d6Y,2208
オープンソースカンファレンス2021 Online/Nagoya 名古屋*BSDユーザグループ2021年5月例会の記録,https://posfie.com//@ebijun/p/sYiG24x,2767
名古屋*BSDユーザグループ(NBUG)2021/4月例会の記録,https://posfie.com//@ebijun/p/tk0lgpa,2320
名古屋*BSDユーザグループ(NBUG)2021/3月例会の記録,https://posfie.com//@ebijun/p/TgTzWXS,972
オープンソースカンファレンス2021 Online/Spring NetBSDのご紹介 の記録,https://posfie.com//@ebijun/p/mn8NGer,3145
名古屋*BSDユーザグループ(NBUG)2021/2月例会の記録,https://posfie.com//@ebijun/p/5e0hG1r,1810
オープンソースカンファレンス2021 Online/Osaka NetBSDのご紹介 の記録,https://posfie.com//@ebijun/p/9CAsKGP,2803
オープンデベロッパーズカンファレンス2020 Online NetBSDのご紹介&名古屋*BSDユーザグループ(NBUG)2020/12月例会の記録,https://posfie.com//@ebijun/p/pDEsBVr,4407
名古屋*BSDユーザグループ(NBUG)2021/1月例会の記録,https://posfie.com//@ebijun/p/7rD0fOA,1029
オープンソースカンファレンス2020 Online/Fukuoka NetBSDのご紹介 の記録,https://posfie.com//@ebijun/p/wzbWnuS,1788
名古屋*BSDユーザグループ(NBUG)2020/11月例会の記録,https://posfie.com//@ebijun/p/VAQGW1d,965
関西オープンソース 2020 BSDなひととき の記録,https://posfie.com//@ebijun/p/Nr8dia1,24826
オープンソースカンファレンス2020 Online/Fall BSDなひととき の記録,https://posfie.com//@ebijun/p/EaJlhAK,2708
名古屋*BSDユーザグループ(NBUG)2020/10月例会の記録,https://posfie.com//@ebijun/p/Z0pbbKq,773
オープンソースカンファレンス2020 Online/Hiroshima NetBSDのご紹介 &名古屋*BSDユーザグループ(NBUG)2020/9月例会の記録,https://posfie.com//@ebijun/p/beYxY9R,1412
オープンソースカンファレンス2020 Online/Kyoto NetBSDのご紹介 の記録,https://posfie.com//@ebijun/p/5AA8Yzv,915
名古屋*BSDユーザグループ(NBUG)2020/8月例会の記録,https://posfie.com//@ebijun/p/F4OtSns,481
オープンソースカンファレンス2020 Online/Niigata NetBSDのご紹介 の記録,https://posfie.com//@ebijun/p/rwaaLxs,1380
名古屋*BSDユーザグループ(NBUG)2020/7月例会の記録,https://posfie.com//@ebijun/p/nbCrK9O,923
オープンソースカンファレンス2020 Online/Hokkaido NetBSDご紹介 の記録,https://posfie.com//@ebijun/p/Vrcpxj8,984
オープンソースカンファレンス2020 Online/Nagoya 名古屋*BSDユーザグループ2020年5月例会(第243例会)の記録,https://posfie.com//@ebijun/p/C0aUfw6,1254
オープンソースカンファレンス2019 Shimane NetBSDブース展示の記録,https://posfie.com//@ebijun/p/CzG9NRf,1714
名古屋*BSDユーザグループ(NBUG)2020/2月例会の記録,https://posfie.com//@ebijun/p/CSRSwh0,1401
オープンソースカンファレンス2020 Osaka NetBSDブース展示の記録,https://posfie.com//@ebijun/p/DL67BLi,3251
名古屋*BSDユーザグループ(NBUG)2020/1月例会の記録,https://posfie.com//@ebijun/p/XjcEeH3,715
名古屋*BSDユーザグループ(NBUG)2019/12月例会の記録,https://posfie.com//@ebijun/p/7QytdU0,924
オープンソースカンファレンス2019 Tokyo/Fall NetBSDブース展示の記録,https://posfie.com//@ebijun/p/QBTrqDC,4160
名古屋*BSDユーザグループ(NBUG)2019/11月例会の記録,https://posfie.com//@ebijun/p/x0jqfw8,750
関西オープンソース2019 NetBSDブース展示の記録,https://posfie.com//@ebijun/p/Li9kTi7,2712
オープンソースカンファレンス2019 Fukuoka NetBSDブース展示の記録,https://posfie.com//@ebijun/p/6KsJItB,1570
NetBSDでザウルス SL-C700 サポートするぞ,https://posfie.com//@ebijun/p/WnJqO5G,13445
名古屋*BSDユーザグループ(NBUG)2019/10月例会の記録,https://posfie.com//@ebijun/p/lFtvXbh,914
オープンソースカンファレンス2019 Tokushima NetBSDブース展示の記録,https://posfie.com//@ebijun/p/6E8tU4M,965
オープンソースカンファレンス2019 Niigata NetBSDブース展示の記録,https://posfie.com//@ebijun/p/Zehkscw,1224
名古屋*BSDユーザグループ(NBUG)2019/9月例会の記録,https://posfie.com//@ebijun/p/OvsuPGx,757
名古屋*BSDユーザグループ(NBUG)2019/8月例会の記録,https://posfie.com//@ebijun/p/HCT00n8,729
オープンソースカンファレンス2019 Hiroshima NetBSDブース展示の記録,https://posfie.com//@ebijun/p/EraRYY7,3014
オープンソースカンファレンス2019 Kyoto NetBSDブース展示の記録,https://posfie.com//@ebijun/p/i4rCBB9,3901
オープンソースカンファレンス2019 Nagoya NBUG & NetBSDブース展示の記録,https://posfie.com//@ebijun/p/IHSD4ay,4127
日本NetBSDユーザーグループ第二十一回定期総会 および NetBSD BoF 2019 の記録,https://posfie.com//@ebijun/p/nz8wPNu,2682
名古屋*BSDユーザグループ(NBUG)2019/6月例会の記録,https://posfie.com//@ebijun/p/DfKQpxx,1298
オープンソースカンファレンス2019 Hokkaido NetBSDブース展示の記録,https://posfie.com//@ebijun/p/alRJRK5,1654
名古屋*BSDユーザグループ(NBUG)2019/5月例会の記録,https://posfie.com//@ebijun/p/0lTgJca,945
オープンソースカンファレンス2019 Okinawa NetBSDブース展示の記録,https://posfie.com//@ebijun/p/YGCEert,2370
名古屋*BSDユーザグループ(NBUG)2019/4月例会の記録,https://posfie.com//@ebijun/p/1C9RQT9,1129
AsiaBSDCon 2019の記録,https://posfie.com//@ebijun/p/NXfJerG,8067
名古屋*BSDユーザグループ(NBUG)2019/3月例会の記録,https://posfie.com//@ebijun/p/ZXcibYW,827
オープンソースカンファレンス2019 Tokyo/Spring NetBSDブース展示の記録,https://posfie.com//@ebijun/p/MpMkowU,3121
オープンソースカンファレンス2019 Hamanako NetBSDブース展示の記録,https://posfie.com//@ebijun/p/dcCpvyU,1610
オープンソースカンファレンス2019 Osaka NetBSDブース展示の記録,https://posfie.com//@ebijun/p/VbfqHoo,3004
名古屋*BSDユーザグループ(NBUG)2019/2月例会の記録,https://posfie.com//@ebijun/p/FezfBfo,864
名古屋*BSDユーザグループ(NBUG)2019/1月例会の記録,https://posfie.com//@ebijun/p/M5dvenW,1048
名古屋*BSDユーザグループ(NBUG)2018/12月例会の記録,https://posfie.com//@ebijun/p/iuFrEx2,985
オープンソースカンファレンス2018 Fukuoka NetBSDブース展示の記録,https://posfie.com//@ebijun/p/vYhSE8O,2145
オープンソースカンファレンス2018 Shimane NetBSDブース展示の記録,https://posfie.com//@ebijun/p/ywXzIZQ,1404
関西オープンソース2018 NetBSDブース展示の記録,https://posfie.com//@ebijun/p/MKu5HS8,2517
名古屋*BSDユーザグループ(NBUG)2018/11月例会の記録,https://posfie.com//@ebijun/p/aemCXof,926
オープンソースカンファレンス2018 Niigata NetBSDブース展示の記録,https://posfie.com//@ebijun/p/wCL00ZN,1011
オープンソースカンファレンス2018 Tokyo/Fall NetBSDブース展示の記録,https://posfie.com//@ebijun/p/S8TfP8g,3105
名古屋*BSDユーザグループ(NBUG)2018/10月例会の記録,https://posfie.com//@ebijun/p/06nXNqe,784
オープンソースアンカンファレンス2018 Sendaiの記録,https://posfie.com//@ebijun/p/oGOL3GJ,6099
オープンソースカンファレンス2018 Kagawa NetBSDブース展示の記録,https://posfie.com//@ebijun/p/RZ0wJzm,2386
bcbench 採集計画,https://posfie.com//@ebijun/p/Wd9qRXV,3230
オープンソースカンファレンス2018 Hiroshima NetBSDブース展示の記録,https://posfie.com//@ebijun/p/KFvU74T,2973
名古屋*BSDユーザグループ(NBUG)2018/9月例会の記録,https://posfie.com//@ebijun/p/tHLROxH,821
オープンソースカンファレンス2018 Kyoto NetBSDブース展示の記録,https://posfie.com//@ebijun/p/YTf12Vo,5967
名古屋*BSDユーザグループ(NBUG)2018/8月例会の記録,https://posfie.com//@ebijun/p/B3bSyrD,922
名古屋*BSDユーザグループ(NBUG)2018/7月例会の記録,https://posfie.com//@ebijun/p/LH1iRH9,919
日本NetBSDユーザーグループ第二十回定期総会 および NetBSD BoF 2018 の記録,https://posfie.com//@ebijun/p/q0M6HFZ,3647
オープンソースカンファレンス2018 Hokkaido NetBSDブース展示の記録,https://posfie.com//@ebijun/p/VxsJMrQ,1990
名古屋*BSDユーザグループ(NBUG)2018/6月例会の記録,https://posfie.com//@ebijun/p/rRd8l5q,1001
オープンソースカンファレンス2018 Okinawa NetBSDブース展示の記録,https://posfie.com//@ebijun/p/jELc8Jm,1719
オープンソースカンファレンス2018 Nagoya NBUG & NetBSDブース展示の記録,https://posfie.com//@ebijun/p/tJppzKz,2969
名古屋*BSDユーザグループ(NBUG)2018/4月例会の記録,https://posfie.com//@ebijun/p/ztFTSnu,957
名古屋*BSDユーザグループ(NBUG)2018/3月例会の記録,https://posfie.com//@ebijun/p/LzRsHOw,1279
AsiaBSDCon 2018の記録,https://posfie.com//@ebijun/p/5Y9sZFC,8491
Raspberry Jam Big Birthday Weekend 2018 in TOKYO NetBSDブースの記録,https://posfie.com//@ebijun/p/woqknYs,2725
オープンソースカンファレンス2018 Tokyo/Spring NetBSDブース展示の記録,https://posfie.com//@ebijun/p/V8qnBHY,2536
名古屋*BSDユーザグループ(NBUG)2018/2月例会の記録,https://posfie.com//@ebijun/p/YByT8HI,840
オープンソースカンファレンス2018 Hamanako NetBSDブース展示の記録,https://posfie.com//@ebijun/p/3zwU2Od,1554
オープンソースカンファレンス2018 Osaka NetBSDブース展示の記録,https://posfie.com//@ebijun/p/RuFrWD2,3231
NetBSD博物館,https://posfie.com//@ebijun/p/mI82fAM,31857
名古屋*BSDユーザグループ(NBUG)2018/1月例会の記録,https://posfie.com//@ebijun/p/nv1sumE,994
名古屋*BSDユーザグループ(NBUG)2017/12月例会の記録,https://posfie.com//@ebijun/p/BqbwSKv,1410
オープンソースカンファレンス2017 Hiroshima NetBSDブース展示の記録,https://posfie.com//@ebijun/p/NLd6sLQ,2990
名古屋*BSDユーザグループ(NBUG)2017/11月例会の記録,https://posfie.com//@ebijun/p/2UJKwLr,881
関西オープンソース2017 NetBSDブース展示の記録,https://posfie.com//@ebijun/p/TgQzFpx,3052
オープンソースカンファレンス2017 Shimane NetBSDブース展示の記録,https://posfie.com//@ebijun/p/Y8m0bOG,1531
オープンソースカンファレンス2017 Nagaoka NetBSDブース展示の記録,https://posfie.com//@ebijun/p/3aikKnW,1210
オープンソースカンファレンス2017 Fukuoka NetBSDブース展示の記録,https://posfie.com//@ebijun/p/nTsRvLH,1186
名古屋*BSDユーザグループ(NBUG)2017/9月例会の記録,https://posfie.com//@ebijun/p/zsaf9W7,860
オープンソースカンファレンス2017 Tokyo/Fall NetBSDブース展示の記録,https://posfie.com//@ebijun/p/PrhjJ0F,3493
オープンソースカンファレンス2017 Chiba NetBSDブース展示の記録,https://posfie.com//@ebijun/p/0dCUqUY,1390
名古屋*BSDユーザグループ(NBUG)2017/8月例会の記録,https://posfie.com//@ebijun/p/aaSLcUH,1155
セキュリティ・キャンプ全国大会2017「信じて送り出した家庭用ルータがNetBSDにドハマリしてloginプロンプトを返してくるようになるわけがない」の記録,https://posfie.com//@ebijun/p/4JD68cl,5675
オープンソースカンファレンス2017 Kyoto NetBSDブース展示の記録,https://posfie.com//@ebijun/p/AERUFhs,4860
名古屋*BSDユーザグループ(NBUG)2017/7月例会の記録,https://posfie.com//@ebijun/p/QSCQWZH,971
オープンソースカンファレンス2017 Hokkaido NetBSDブース展示の記録,https://posfie.com//@ebijun/p/6OzPp8C,2333
日本NetBSDユーザーグループ第十九回定期総会 および NetBSD BoF 2017 の記録,https://posfie.com//@ebijun/p/AX6pOdd,2325
名古屋*BSDユーザグループ(NBUG)2017/6月例会の記録,https://posfie.com//@ebijun/p/oaLG4zz,941
オープンソースカンファレンス2017 Okinawa NetBSDブース展示の記録,https://posfie.com//@ebijun/p/ida2mIC,2343
オープンソースカンファレンス2017 Nagoya NBUG & NetBSDブース展示の記録,https://posfie.com//@ebijun/p/Nbgw2CA,3982
名古屋*BSDユーザグループ(NBUG)2017/4月例会の記録,https://posfie.com//@ebijun/p/FjUsWxo,1020
AsiaBSDCon 2017の記録,https://posfie.com//@ebijun/p/jI4WrYy,10320
名古屋*BSDユーザグループ(NBUG)2017/3月例会の記録,https://posfie.com//@ebijun/p/gXxDvkO,1316
オープンソースカンファレンス2017 Tokyo/Spring NetBSDブース展示の記録,https://posfie.com//@ebijun/p/ev1EreV,3483
名古屋*BSDユーザグループ(NBUG)2017/2月例会の記録,https://posfie.com//@ebijun/p/7AWtgTw,2637
オープンソースカンファレンス2017 Hamanako NetBSDブース展示の記録,https://posfie.com//@ebijun/p/jS1ceru,2425
オープンソースカンファレンス2017 Osaka NetBSDブース展示の記録,https://posfie.com//@ebijun/p/es7kZum,4102
名古屋*BSDユーザグループ(NBUG)2017/1月例会の記録,https://posfie.com//@ebijun/p/eblxdTE,1423
名古屋*BSDユーザグループ(NBUG)2016/12月例会の記録,https://posfie.com//@ebijun/p/PZ4L6kC,1842
BIG Raspberry JAM Tokyo 2016 NetBSDブース展示の記録,https://posfie.com//@ebijun/p/ieRiHUt,2359
オープンソースカンファレンス2016 Hiroshima NetBSDブース展示の記録,https://posfie.com//@ebijun/p/dEDMWI5,5205
名古屋*BSDユーザグループ(NBUG)2016/11月例会の記録,https://posfie.com//@ebijun/p/VoaM04v,1346
オープンソースカンファレンス2016 Fukuoka NetBSDブース展示の記録,https://posfie.com//@ebijun/p/zWhQUJx,1145
関西オープンソース2016 NetBSDブース展示の記録,https://posfie.com//@ebijun/p/L0qyWvm,5512
オープンソースカンファレンス2016 Tokyo/Fall NetBSDブース展示の記録,https://posfie.com//@ebijun/p/qP68tcu,4278
名古屋*BSDユーザグループ(NBUG)2016/10月例会の記録,https://posfie.com//@ebijun/p/pJVLrjX,1096
オープンソースカンファレンス2016 Nagaoka NetBSDブース展示の記録,https://posfie.com//@ebijun/p/ya0baCS,1369
オープンソースカンファレンス2016 Shimane NetBSDブース展示の記録,https://posfie.com//@ebijun/p/kEPiNbG,2429
名古屋*BSDユーザグループ(NBUG)2016/9月例会の記録,https://posfie.com//@ebijun/p/kVe6a8g,803
オープンソースアンカンファレンス2016 Kanazawa NetBSDブース展示の記録,https://posfie.com//@ebijun/p/ntSp4Ww,1599
セキュリティ・キャンプ全国大会2016「謎マシンでNetBSDのクロス開発体験」の記録,https://posfie.com//@ebijun/p/ctnjBxi,3552
名古屋*BSDユーザグループ(NBUG)2016/8月例会の記録,https://posfie.com//@ebijun/p/71dPg4S,1236
オープンソースカンファレンス2016 Kyoto NetBSDブース展示の記録,https://posfie.com//@ebijun/p/ySmKJYD,9044
名古屋*BSDユーザグループ(NBUG)2016/7月例会の記録,https://posfie.com//@ebijun/p/edOpbBo,1141
日本NetBSDユーザーグループ第十八回定期総会 および NetBSD BoF 2016 の記録,https://posfie.com//@ebijun/p/xw8HDi6,2557
オープンソースカンファレンス2016 Okinawa NetBSDブース展示の記録,https://posfie.com//@ebijun/p/W2QI5eQ,2213
名古屋*BSDユーザグループ(NBUG)2016/6月例会の記録,https://posfie.com//@ebijun/p/K4VK0CQ,897
オープンソースカンファレンス2016 Hokkaido NetBSDブース展示の記録,https://posfie.com//@ebijun/p/1vQP9xA,2971
オープンソースカンファレンス2016 Nagoya NBUG & NetBSDブース展示の記録,https://posfie.com//@ebijun/p/CdrSnA2,3114
オープンソースカンファレンス2016 Gunma NetBSDブース展示の記録,https://posfie.com//@ebijun/p/7axBn5j,2365
名古屋*BSDユーザグループ(NBUG)2016/4月例会の記録,https://posfie.com//@ebijun/p/D6lz4Gu,1321
名古屋*BSDユーザグループ(NBUG)2016/3月例会の記録,https://posfie.com//@ebijun/p/vN89Xan,1413
AsiaBSDCon 2016の記録,https://posfie.com//@ebijun/p/ymYgpas,6898
オープンソースカンファレンス2016 Tokyo/Spring NetBSDブース展示の記録,https://posfie.com//@ebijun/p/3OdnULj,4895
名古屋*BSDユーザグループ(NBUG)2016/2月例会の記録,https://posfie.com//@ebijun/p/SzVhTiP,1271
オープンソースカンファレンス2016 Hamanako NetBSDブース展示の記録,https://posfie.com//@ebijun/p/kOyluUd,2451
名古屋*BSDユーザグループ(NBUG)2016/1月例会の記録,https://posfie.com//@ebijun/p/Ez1Sw1G,1311
NetBSD Advent Calendar 2015の記録,https://posfie.com//@ebijun/p/NByWQZ2,2171
名古屋*BSDユーザグループ(NBUG)2015/12月例会の記録,https://posfie.com//@ebijun/p/Ce39nSs,1309
名古屋*BSDユーザグループ(NBUG)2015/11月例会の記録,https://posfie.com//@ebijun/p/dazHmYK,1127
オープンソースカンファレンス2015 Tokushima NetBSDブース展示の記録,https://posfie.com//@ebijun/p/LAYQCrn,2812
関西オープンソース2015 NetBSDブース展示の記録,https://posfie.com//@ebijun/p/oMARpR2,5265
オープンソースカンファレンス2015 Tokyo/Fall NetBSDブース展示の記録,https://posfie.com//@ebijun/p/QDyIptn,2877
名古屋*BSDユーザグループ(NBUG)2015/10月例会の記録,https://posfie.com//@ebijun/p/cG52DpF,1428
オープンソースカンファレンス2015 Fukuoka NetBSDブース展示の記録,https://posfie.com//@ebijun/p/1LkKpaC,2098
名古屋*BSDユーザグループ(NBUG)2015/9月例会の記録,https://posfie.com//@ebijun/p/e8QKJai,1304
オープンソースカンファレンス2015 Hiroshima NetBSDブース展示の記録,https://posfie.com//@ebijun/p/AvIv2fW,4993
オープンソースカンファレンス2015 Niigata NetBSDブース展示の記録,https://posfie.com//@ebijun/p/BbsQ1MM,2255
名古屋*BSDユーザグループ(NBUG)2015/8月例会の記録,https://posfie.com//@ebijun/p/rOpC74x,1436
オープンソースカンファレンス2015 Shimane NetBSDブース展示の記録,https://posfie.com//@ebijun/p/JwEr2ZH,2905
オープンソースカンファレンス2015 Kansai@Kyoto NetBSDブース展示の記録,https://posfie.com//@ebijun/p/jrEaGZi,8488
名古屋*BSDユーザグループ(NBUG)2015/7月例会の記録,https://posfie.com//@ebijun/p/1BekAC8,1604
日本NetBSDユーザーグループ第十七回定期総会 および NetBSD BoF 2015 の記録,https://posfie.com//@ebijun/p/Wmrh5Mt,4097
オープンソースカンファレンス2015 Okinawa　NetBSDブース展示の記録,https://posfie.com//@ebijun/p/zaCAcJO,1975
名古屋*BSDユーザグループ(NBUG)2015/6月例会の記録,https://posfie.com//@ebijun/p/FduA69d,1183
オープンソースカンファレンス2015 Hokkaido　NetBSDブース展示の記録,https://posfie.com//@ebijun/p/nbP5Ftq,2003
オープンソースカンファレンス2015 Nagoya&NBUG5月例会 の記録,https://posfie.com//@ebijun/p/QsKCgqx,5195
名古屋*BSDユーザグループ(NBUG)2015/4月例会の記録,https://posfie.com//@ebijun/p/BgdnIWZ,1283
AsiaBSDCon 2015の記録,https://posfie.com//@ebijun/p/J25xwjl,10413
名古屋*BSDユーザグループ(NBUG)2015/3月例会の記録,https://posfie.com//@ebijun/p/nbLoZRM,2351
オープンソースカンファレンス2015 Tokyo/Spring　NetBSDブース展示の記録,https://posfie.com//@ebijun/p/abjCqXO,4189
名古屋*BSDユーザグループ(NBUG)2015/2月例会の記録,https://posfie.com//@ebijun/p/EQBU1HT,1847
オープンソースカンファレンス2015 Hamanako　NetBSDブース展示の記録,https://posfie.com//@ebijun/p/1pK37FG,2216
オープンソースカンファレンス2015 Oita　NetBSDブース展示の記録,https://posfie.com//@ebijun/p/b9ClqOi,2533
名古屋*BSDユーザグループ(NBUG)2015/1月例会の記録,https://posfie.com//@ebijun/p/4Ln0G7t,1012
NetBSD Advent Calendar 2014の記録,https://posfie.com//@ebijun/p/njZss5l,3309
名古屋*BSDユーザグループ(NBUG)2014/12月例会の記録,https://posfie.com//@ebijun/p/HZ6toIt,1432
名古屋*BSDユーザグループ(NBUG)2014/11月例会の記録,https://posfie.com//@ebijun/p/C19HAjM,1325
オープンソースカンファレンス2014 Fukuoka　NetBSDブース展示の記録,https://posfie.com//@ebijun/p/z6jv4MK,3566
関西オープンソース2014 NetBSDブース展示の記録,https://posfie.com//@ebijun/p/RPMR5kP,5673
名古屋*BSDユーザグループ(NBUG)2014/10月例会の記録,https://posfie.com//@ebijun/p/Gfln34W,1476
オープンソースカンファレンス2014 Tokyo/Fall　NetBSDブース展示の記録,https://posfie.com//@ebijun/p/4j3yBCD,8464
オープンソースカンファレンス2014 Hiroshima　NetBSDブース展示の記録,https://posfie.com//@ebijun/p/I7UTNn6,5808
名古屋*BSDユーザグループ(NBUG)2014/9月例会の記録,https://posfie.com//@ebijun/p/jeTQwkJ,1275
オープンソースカンファレンス2014 Shimane　NetBSDブース展示の記録,https://posfie.com//@ebijun/p/FCSAkLf,3854
名古屋*BSDユーザグループ(NBUG)2014/8月例会の記録,https://posfie.com//@ebijun/p/lX9GjRr,1244
オープンソースカンファレンス2014 Kansai＠Kyoto　NetBSDブース展示の記録,https://posfie.com//@ebijun/p/TOIG23y,7733
日本NetBSDユーザーグループ第十六回定期総会 および NetBSD BoF 2014,https://posfie.com//@ebijun/p/GGXpvaY,5611
オープンソースカンファレンス2014 Nagoya&NBUG7月例会 の記録,https://posfie.com//@ebijun/p/3ncXLzo,3502
名古屋*BSDユーザグループ(NBUG)2014/6月例会の記録,https://posfie.com//@ebijun/p/KscX6Wx,1244
オープンソースカンファレンス2014北海道　NetBSDブース展示の記録,https://posfie.com//@ebijun/p/AMIAsIY,4670
LibreOffice mini Conference 2014 Tokyo/Japan  の記録 - pkgsrcを使った*BSDでのLibreOffice 4.2のビルド,https://posfie.com//@ebijun/p/fT2u2m7,2655
jus勉強会「はじめてUNIXで仕事をする人に教えたいこと」 の記録,https://posfie.com//@ebijun/p/Qg5GXmr,4042
名古屋*BSDユーザグループ(NBUG)2014/5月例会の記録,https://posfie.com//@ebijun/p/cDJaEyw,1526
オープンソースカンファレンス2014沖縄　NetBSDブース展示の記録,https://posfie.com//@ebijun/p/lI9Coa6,1667
CBUG Meeting 第30回のまとめ,https://posfie.com//@ebijun/p/JQQRu4a,2911
OSC2013沖縄 NetBSDブース展示の記録,https://posfie.com//@ebijun/p/OWNg9zM,9736
名古屋*BSDユーザグループ(NBUG)2014/3月例会の記録,https://posfie.com//@ebijun/p/kcavBpb,970
名古屋*BSDユーザグループ(NBUG)2014/1月例会の記録,https://posfie.com//@ebijun/p/c1tze5o,1815
名古屋*BSDユーザグループ(NBUG)2014/4月例会の記録,https://posfie.com//@ebijun/p/ZA1Nt8t,3014
OSC2012沖縄 NetBSDブース展示の記録,https://posfie.com//@ebijun/p/BvPwLT6,2040
オープンソースカンファレンス2013島根 NetBSDブース展示の記録,https://posfie.com//@ebijun/p/DeWyYun,10561
OSC2012 北海道 NetBSDブース展示の記録,https://posfie.com//@ebijun/p/XwAAhis,12869
オープンソースアンカンファレンス2014香川　NetBSDブース展示の記録,https://posfie.com//@ebijun/p/6AfAwd5,4576
オープンソースカンファレンス2014東京春　NetBSDブース展示の記録,https://posfie.com//@ebijun/p/yt3RF6v,9748
名古屋*BSDユーザグループ(NBUG)2014/2月例会の記録,https://posfie.com//@ebijun/p/X05aGXH,1245
日本NetBSDユーザーグループ第十四回定期総会 および NetBSD BoF 2012,https://posfie.com//@ebijun/p/WiZMhdQ,4553
OSC2013 浜松 NetBSDブース展示の記録,https://posfie.com//@ebijun/p/XvuCOPG,11407
シャープX68000 ROMイメージ配布に関する話題,https://posfie.com//@ebijun/p/YKwEH8p,31236
俯瞰サロン「ソニーのUNIXワークステーション NEWSの選択」の記録,https://posfie.com//@ebijun/p/C29nZXS,11560
OSC2012 東京春 NetBSDブース展示の記録,https://posfie.com//@ebijun/p/JTAtS8x,5607
AsiaBSDCon 2014の記録,https://posfie.com//@ebijun/p/nIXhnyq,8017
OSC2012 大分 NetBSDブース展示の記録,https://posfie.com//@ebijun/p/0l4bhEw,4890
オープンソースカンファレンス2014浜名湖　NetBSDブース展示の記録,https://posfie.com//@ebijun/p/k0pTuwR,6867
名古屋*BSDユーザグループ(NBUG)2013/12月例会の記録,https://posfie.com//@ebijun/p/OaGYlkX,1669
名古屋*BSDユーザグループ(NBUG)2013/11月例会の記録,https://posfie.com//@ebijun/p/bkBKwf0,1904
○○の歴史プロジェクトを進める人たちのBoF の記録,https://posfie.com//@ebijun/p/7RspOqS,2873
オープンソースカンファレンス2013大分　NetBSDブース展示の記録,https://posfie.com//@ebijun/p/OsYcSvP,2044
関東LibreOfficeオフラインミーティング(#10) の記録,https://posfie.com//@ebijun/p/vzymzTq,1709
オープンソースカンファレンス2013福岡　NetBSDブース展示の記録,https://posfie.com//@ebijun/p/ICqFKsQ,2029
関西オープンソース2013 NetBSDブース展示の記録,https://posfie.com//@ebijun/p/IJYDSV8,4381
RaspberryPIでNetBSDを動かしたときの色表示問題,https://posfie.com//@ebijun/p/QdDEswZ,4024
名古屋*BSDユーザグループ(NBUG)2013/10月例会の記録,https://posfie.com//@ebijun/p/nhGuoEG,3652
オープンソースカンファレンス2013東京秋　NetBSDブース展示の記録,https://posfie.com//@ebijun/p/ebHoVf4,3646
オープンソースカンファレンス2013広島　NetBSDブース展示の記録,https://posfie.com//@ebijun/p/k15zzwY,7442
名古屋*BSDユーザグループ(NBUG)2013/9月例会の記録,https://posfie.com//@ebijun/p/YMfIm6b,2450
オープンソースカンファレンス2013北海道　NetBSDブース展示の記録,https://posfie.com//@ebijun/p/5mnM8A7,3858
名古屋*BSDユーザグループ(NBUG)2013/8月例会の記録,https://posfie.com//@ebijun/p/75HwtIX,1299
オープンソースカンファレンス2013関西＠京都　NetBSDブース展示記録,https://posfie.com//@ebijun/p/Ty0S8qD,16846
名古屋*BSDユーザグループ(NBUG)2013/7月例会の記録,https://posfie.com//@ebijun/p/2JbJTMY,2008
日本NetBSDユーザーグループ第十五回定期総会 および NetBSD BoF 2013,https://posfie.com//@ebijun/p/7sERpKF,8447
OSC2013名古屋 NBUG&NetBSDブース展示の記録,https://posfie.com//@ebijun/p/H3AfNWi,15271
名古屋*BSDユーザグループ(NBUG)2013/5月例会の記録,https://posfie.com//@ebijun/p/Q2ihukp,1421
NetBSDでuARM,https://posfie.com//@ebijun/p/Gq2cSSv,2306
名古屋*BSDユーザグループ(NBUG)2013/4月例会の記録,https://posfie.com//@ebijun/p/PK8LRrw,1566
名古屋*BSDユーザグループ(NBUG)2013 花見の記録,https://posfie.com//@ebijun/p/wo43Opg,1297
名古屋*BSDユーザグループ(NBUG)2013/3月例会の記録,https://posfie.com//@ebijun/p/q59pFXh,1659
NetBSD/sparcをQEMUで動かす会の記録,https://posfie.com//@ebijun/p/KPWjbXg,4088
AsiaBSDCon 2013の記録,https://posfie.com//@ebijun/p/vCheyQn,11956
OSC2013徳島 NetBSDブース展示の記録,https://posfie.com//@ebijun/p/Fo0ZOB5,13963
OSC2013 東京春 NetBSDブース展示の記録,https://posfie.com//@ebijun/p/9mhCb9s,8511
名古屋*BSDユーザグループ(NBUG)2013/2月例会の記録,https://posfie.com//@ebijun/p/Wn6N5cl,1404
OSC2012 福岡 NetBSDブース展示の記録,https://posfie.com//@ebijun/p/GsIFZsP,2587
名古屋*BSDユーザグループ(NBUG)2013/1月例会の記録,https://posfie.com//@ebijun/p/9ujOTLm,1395
名古屋*BSDユーザグループ(NBUG)2012/12月例会の記録,https://posfie.com//@ebijun/p/Ah9tD4g,2205
名古屋*BSDユーザグループ(NBUG)2012/11月例会の記録,https://posfie.com//@ebijun/p/F933xUA,3260
関西オープンソース2012 NetBSDブース展示の記録,https://posfie.com//@ebijun/p/CwZjmBG,11727
名古屋*BSDユーザグループ(NBUG)2012/9 例会の記録,https://posfie.com//@ebijun/p/ymTRpzS,1540
OSC2012 会津 NetBSDブース展示の記録,https://posfie.com//@ebijun/p/hfkN6Ws,4456
OSC2012 大分秋 NetBSDブース展示の記録,https://posfie.com//@ebijun/p/ULgegVZ,3248
OSC2012 広島 NetBSDブース展示の記録,https://posfie.com//@ebijun/p/OVL11vu,21507
名古屋*BSDユーザグループ(NBUG)2012/10月例会の記録,https://posfie.com//@ebijun/p/pTVSujv,1486
OSC2012 東京秋 NetBSDブース展示の記録,https://posfie.com//@ebijun/p/mrBraWi,11038
OSC2012 島根 NetBSDブース展示の記録,https://posfie.com//@ebijun/p/JUrdKfP,8407
名古屋*BSDユーザグループ(NBUG)2012/8 例会の記録,https://posfie.com//@ebijun/p/BUaCeYQ,1757
OSC2012 京都 NetBSDブース展示の記録,https://posfie.com//@ebijun/p/jBu1rMR,13959
名古屋*BSDユーザグループ(NBUG)2012/7 例会の記録,https://posfie.com//@ebijun/p/cC3c0hw,2459
OSC2012 仙台 NetBSDブース展示の記録,https://posfie.com//@ebijun/p/4LeuxAm,1966
名古屋*BSDユーザグループ(NBUG)2012/6 例会の記録,https://posfie.com//@ebijun/p/9HX54y7,1633
OSC2012 名古屋 NetBSDブース展示の記録,https://posfie.com//@ebijun/p/QmXTqKt,12012
名古屋*BSDユーザグループ(NBUG)2012/5 例会の記録,https://posfie.com//@ebijun/p/iPLNN47,2553
名古屋*BSDユーザグループ(NBUG)2012/4 例会の記録,https://posfie.com//@ebijun/p/wJG4L92,2738
OSC2012 岩手 NetBSDブース展示の記録,https://posfie.com//@ebijun/p/xuG1RQ3,1491
BSD Business Association (BSD-BA) 創立総会の記録,https://posfie.com//@ebijun/p/hHH5cdJ,3938
OSC2012 愛媛 NetBSDブース展示の記録,https://posfie.com//@ebijun/p/r5P43Xt,6268
名古屋*BSDユーザグループ(NBUG)2012/3 例会の記録,https://posfie.com//@ebijun/p/3NlZBrW,2506
XM6i上のNetBSD/x68kイメージをNetBSD/amd64から操作したいぞ,https://posfie.com//@ebijun/p/aHrJHJW,3435
NetBSD/cobalt Restore CD/USBを作ろう,https://posfie.com//@ebijun/p/CuqsFS4,2761
NegiBSD/NeetBSD不況委員会,https://posfie.com//@ebijun/p/gcsKLMV,2613
NetBSDでペンタブレットをサポートするぞ,https://posfie.com//@ebijun/p/qrTksyb,3189
NetBSDでBeagleBoardをサポートするぞ,https://posfie.com//@ebijun/p/UUWUySS,2845
玄箱HGのNetBSD-current(evbppc/sandpoint)対応修復,https://posfie.com//@ebijun/p/UCrURPm,3752
LS-AVLのNetBSD化の脳内手順,https://posfie.com//@ebijun/p/bHW3Gud,4253
ザウルス SL-C700 シリアルケーブル作成,https://posfie.com//@ebijun/p/XkU2um0,8405
